report_name,company,link
acuity brands inc_2022_report.pdf,acuity brands inc,https://www.responsibilityreports.com/HostedData/ResponsibilityReportArchive/a/NYSE_AYI_2022.pdf
addtech_2022_report.pdf,addtech,https://www.addtech.com/fileadmin/user_upload/Arsredovisningar/Addtech-Annual-Report-2021-2022.pdf
aixtron_2020_report.pdf,aixtron,https://www.aixtron.com/investoren/publikationen/2020/en/Sustainability%20Report%202020.pdf
Allianz_2022_report.pdf,Allianz,https://www.allianz.com/content/dam/onemarketing/azcom/Allianz_com/sustainability/documents/Allianz_Group_Sustainability_Report_2022-web.pdf
alumina ltd_2022_report.pdf,alumina ltd,https://www.annualreports.com/HostedData/AnnualReportArchive/A/ASX_AWC_2022.pdf
amano corp_2022_report.pdf,amano corp,https://www.amano-enzyme.com/assets/pdf/sustainability-report/report_en.pdf
americold realty inc_2022_report.pdf,americold realty inc,https://483539.fs1.hubspotusercontent-na1.net/hubfs/483539/Website_Files/Americold%202022%20ESG%20Report%20FINAL.pdf
apollo hospitals_2022_report.pdf,apollo hospitals,https://www.apollohospitals.com/apollo_pdf/AHEL-AR22-Full-Report-Final-(20220802).pdf
arbonia ag_2018_report.pdf,arbonia ag,https://report.arbonia.com/2018/en/download-center-2/
atlas arteria_2019_report.pdf,atlas arteria,https://www.atlasarteria.com/stores/_sharedfiles/Sustainability/AtlasArteriaSustainabilityReport2019_web.pdf
aurelius_2018_report.pdf,aurelius,https://www.aeo-se.de/site/assets/files/4147/annual_report_for_2018_guarantor.pdf
autoneum holding_2019_report.pdf,autoneum holding,https://www.autoneum.com/wp-content/uploads/2020/06/Autoneum_CR_Report_2019-1.pdf
banco bpm_2019_report.pdf,banco bpm,https://gruppo.bancobpm.it/media/dlm_uploads/Consolidated-2019-Annual-Report-tipografia-per-sito.pdf
beach energy ltd_2020_report.pdf,beach energy ltd,https://beachenergy.com.au/wp-content/uploads/2020/10/BeachSustainabilityReport2020.pdf
bekaert (d) sa_2022_report.pdf,bekaert (d) sa,https://www.annualreports.com/HostedData/AnnualReportArchive/b/bekaert-SA_2022.pdf
bioarctic_2018_report.pdf,bioarctic,https://www.bioarctic.com/en/wp-content/uploads/sites/2/2022/08/bioarctic-ab-annual-report-2018-c.pdf
blackline safety_2021_report.pdf,blackline safety,https://www.blacklinesafety.com/hubfs/Website/ESG/Blackline%20Safety_%202021%20ESG%20Report.pdf?hsLang=en
bloom energy_2019_report.pdf,bloom energy,https://d18rn0p25nwr6d.cloudfront.net/CIK-0001664703/c72fe14d-0fd8-4279-bb4a-ba633c4d2df9.pdf
boot barn holdings_2019_report.pdf,boot barn holdings,https://www.annualreports.com/HostedData/AnnualReportArchive/b/NYSE_BOOT_2019.pdf
ca immobilien anlagen ag_2018_report.pdf,ca immobilien anlagen ag,https://www.caimmo.com/fileadmin/documents/Finanzberichte/2018/Annual_Report_2018.pdf
cabot corp_2018_report.pdf,cabot corp,https://www.responsibilityreports.com/HostedData/ResponsibilityReportArchive/c/NYSE_CBT_2018.pdf
cardinal energy ltd_2021_report.pdf,cardinal energy ltd,https://cardinalenergy.ca/wp-content/uploads/2022/03/22-03-14-2021-Cardinal-ESG-Report-5Q-FINAL-2-1.pdf
comerica inc_2019_report.pdf,comerica inc,https://www.responsibilityreports.com/HostedData/ResponsibilityReportArchive/c/NYSE_CMA_2019.pdf
coty inc_2018_report.pdf,coty inc,https://s23.q4cdn.com/980953510/files/doc_financials/annual/Coty-2018-Annual-Report.pdf
ctbc holding_2020_report.pdf,ctbc holding,https://www.ctbcholding.com/content/dam/twhoo/file/csr/en/report/2020CSR.pdf
customer bank_2020_report.pdf,customer bank,https://www.responsibilityreports.com/HostedData/ResponsibilityReportArchive/c/NYSE_CUBI_2020.pdf
cytokinetics inc_2022_report.pdf,cytokinetics inc,https://cytokinetics.com/wp-content/uploads/2023/03/corporate-responsibility-report-2022.pdf
Daimler_2020_report.pdf,Daimler,https://group.mercedes-benz.com/documents/sustainability/reports/daimler-sustainability-report-2020.pdf
dalata hotel group_2019_report.pdf,dalata hotel group,https://dalatahotelgroup.com/wp-content/uploads/2023/09/2019-Annual-Report-and-Accounts.pdf
deutz ag_2020_report.pdf,deutz ag,https://www.annualreports.com/HostedData/AnnualReportArchive/d/deutz_2020.pdf
dic corp_2017_report.pdf,dic corp,https://www3.dic-global.com/dic-global/dic_report/dic_report_en_2017_detail.pdf?_gl=1*b61ah1*_ga*MTc5NzQ2NDk1Mi4xNzI2MDQwNjc2*_ga_CRN43SMNFF*MTcyNjA0MDY3Ni4xLjEuMTcyNjA0MDcyNC4xMi4wLjA.*_ga_2Y835HH0EE*MTcyNjA0MDY3Ni4xLjEuMTcyNjA0MDcyNC4xMi4wLjA.*_ga_9ELQPC0MQQ*MTcyNjA0MDY3OC4xLjEuMTcyNjA0MDcyNC4xNC4wLjA.&_ga=2.226285082.1630688170.1726040676-1797464952.1726040676
everi holdings_2019_report.pdf,everi holdings,https://www.everi.com/wp-content/uploads/2021/03/2019-Annual-Report.pdf
evolution mining ltd_2020_report.pdf,evolution mining ltd,https://www.responsibilityreports.com/HostedData/ResponsibilityReportArchive/E/ASX_CAH_2020.pdf
fbn holdings_2017_report.pdf,fbn holdings,https://www.fbnholdings.com/wp-content/uploads/2021/02/fbn-sustainability-report-2017.pdf
fbn holdings_2018_report.pdf,fbn holdings,https://www.fbnholdings.com/wp-content/uploads/2021/02/fbn-sustainability-report-2018.pdf
Fresenius SE_2019_report.pdf,Fresenius SE,https://www.fresenius.com/sites/default/files/2022-01/Fresenius_Annual_Report_2019.pdf
fujifilm_2022_report.pdf,fujifilm,https://www.fujifilm.com/files-holdings/en/sustainability/report/2022/sustainabilityreport2022_en.pdf
georg fischer ag_2018_report.pdf,georg fischer ag,https://www.georgfischer.com/content/dam/commonassets/corp/documents/reports/sustainabilty-reports/2018-sustainability-report/2018-GF-Sustainability-Report_2018.pdf
gopro inc_2017_report.pdf,gopro inc,https://www.annualreports.com/HostedData/AnnualReportArchive/g/NASDAQ_GPRO_2017.pdf
graincorp_2019_report.pdf,graincorp,https://www.graincorp.com.au/wp-content/uploads/2021/01/SustainabilityReport2019_Web.pdf
granite construction inc_2020_report.pdf,granite construction inc,https://www.graniteconstruction.com/sites/default/files/inline-files/Granite-2020-Sustainability-Report.pdf
h. lundbeck_2021_report.pdf,h. lundbeck,https://www.lundbeck.com/content/dam/lundbeck-com/masters/global-site/pdf/Sustainability_Report_2021.pdf.coredownload.pdf
hang lung properties_2018_report.pdf,hang lung properties,https://www.hanglung.com/getmedia/7c8143b3-7cc7-4821-b0ff-b8e9d6fc4f5f/hlp-sustainability-report-2018-en.pdf
hays plc_2019_report.pdf,hays plc,https://www.haysplc.com/~/media/Files/H/Hays/annual-reports/ar-2019/annual-report-2019.pdf
healius ltd_2022_report.pdf,healius ltd,https://www.responsibilityreports.com/HostedData/ResponsibilityReportArchive/h/ASX_HLS_2022.pdf
hudbay minerals inc_2020_report.pdf,hudbay minerals inc,https://s23.q4cdn.com/405985100/files/doc_downloads/sustainability/2021/english/Hudbay-2020-Integrated-Report.pdf
hugo boss_2020_report.pdf,hugo boss,https://www.annualreports.com/HostedData/AnnualReportArchive/h/hugo-boss_2020.pdf
huhtamaki_2018_report.pdf,huhtamaki,http://hugin.info/3006/R/2242412/884978.pdf
huhtamaki_2019_report.pdf,huhtamaki,https://www.huhtamaki.com/globalassets/global/sustainability/reports/en/2019/huhtamaki-sustainability-report-2019.pdf
ichor holdings_2021_report.pdf,ichor holdings,https://www.responsibilityreports.com/HostedData/ResponsibilityReportArchive/i/NASDAQ_ICHR_2021.pdf
idorsia_2021_report.pdf,idorsia,https://www.idorsia.com/dam/jcr:b908574d-8dc2-4ba8-be7a-aca5e9deb0a9/2021_idorsia-annual-report-business.pdf
ifast corporation_2021_report.pdf,ifast corporation,https://www.ifastcorp.com/ifastcorp/articleFiles/webarticles/14645/SG/iFAST%20Corp_Annual%20Report%202021_20220401.pdf
inchcape plc_2022_report.pdf,inchcape plc,https://www.inchcape.com/wp-content/uploads/2023/04/Annual-Report-and-Accounts-2022-1.pdf
innospec inc_2020_report.pdf,innospec inc,https://innospecsustainability.com/wp-content/uploads/2024/01/innospec-2020-SD-Report.pdf
jetblue airways corp_2019_report.pdf,jetblue airways corp,https://www.jetblue.com/magnoliaauthor/dam/ui-assets/p/JetBlue-Sustainability-2019-Annual-Report.pdf
jpmorgan chase_2020_report.pdf,jpmorgan chase,https://www.jpmorganchase.com/content/dam/jpmc/jpmorgan-chase-and-co/documents/jpmc-esg-report-2020.pdf
kfw_2018_report.pdf,kfw,https://www.kfw.de/PDF/Download-Center/Konzernthemen/Nachhaltigkeit/englisch/Nachhaltigkeitsbericht-2018_-EN.pdf
kilroy realty_2017_report.pdf,kilroy realty,https://kilroyrealty.com/wp-content/uploads/2021/05/kilroy-realty-corporation-sustainability-report-2017.pdf
kilroy realty_2018_report.pdf,kilroy realty,https://kilroyrealty.com/wp-content/uploads/2021/05/kilroy-realty-corporation-sustainability-report-2018.pdf
kitz corp_2019_report.pdf,kitz corp,https://www.kitz.com/english/about/pdf/corporate_report_2019_e_05.pdf
knowit_2021_report.pdf,knowit,https://www.knowit.eu/globalassets/investor-relations/reports/english/2021/presentation-year-end-report-knowit-2021.pdf?_gl=1*6zys51*_up*MQ..*_ga*Nzg4NjA0NTg0LjE3MjYwNTA3MDM.*_ga_FSZZKDJR4H*MTcyNjA1MDcwMi4xLjAuMTcyNjA1MDcwMi4wLjAuMA..
krones ag_2017_report.pdf,krones ag,https://www.krones.cn/media/downloads/GB_2017_Konzern_e.pdf
krones ag_2018_report.pdf,krones ag,https://www.krones.com/media/downloads/GB_2018_Konzern_e.pdf
kureha corp_2020_report.pdf,kureha corp,https://www.kureha.co.jp/en/sustainability/report/pdf/CSR%20report%202020_e.pdf
lar espana real estate sa_2022_report.pdf,lar espana real estate sa,https://www.larespana.com/wp-content/uploads/2018/09/FY-2022-Results-Report.pdf
lundin gold inc_2021_report.pdf,lundin gold inc,https://lundingold.com/site/assets/files/110808/2021_lug_sustainability_report.pdf
lundin gold inc_2022_report.pdf,lundin gold inc,https://static1.squarespace.com/static/54d667e5e4b05b179814c788/t/6598784c66d0575f3f694d4c/1704491097226/LUNDIN+GOLD+SR+2022.pdf
manitou bf sa_2018_report.pdf,manitou bf sa,https://www.manitou-group.com/wp-content/uploads/2019/06/AnnualReport_2018_EN_BD.pdf
merit medical systems inc_2019_report.pdf,merit medical systems inc,https://www.merit.com/wp-content/uploads/2020/03/2019-Merit-SustainabilityReport.pdf
metro ag_2022_report.pdf,metro ag,https://corpo.metro.ca/userfiles/file/PDF/2022-cr-report.pdf
monadelphous group_2022_report.pdf,monadelphous group,https://monadelphous.com.au/media/5840751/221017-2022-annual-report.pdf
morinaga ltd_2020_report.pdf,morinaga ltd,https://www.morinaga.co.jp/company/english/sustainability/reports/pdf/csr2020/csr2020_all.pdf
municipal finance authority of bc_2021_report.pdf,municipal finance authority of bc,https://mfa.bc.ca/sites/default/files/Investors/Annual%20Report/2021_mfa_annual_report.pdf
musashi seimitsu industry ltd_2019_report.pdf,musashi seimitsu industry ltd,https://www.musashi.co.jp/assets/pdf/2019_Musashi_Sustainability_Report_ENG.pdf
musashi seimitsu industry ltd_2022_report.pdf,musashi seimitsu industry ltd,https://www.musashi.co.jp/assets/pdf/2022_Musashi_Integrated_Report_ENG.pdf
nippn corp_2022_report.pdf,nippn corp,https://www.nippn.co.jp/en/ir/announcement/Integrated_Report/__icsFiles/afieldfile/2023/02/28/Integrated_Report_2022_2page_spread.pdf
nippon steel and sumitomo metal_2017_report.pdf,nippon steel and sumitomo metal,https://www.nipponsteel.com/common/secure/en/csr/report/nssmc/pdf/report2017_all.pdf
nordea_2017_report.pdf,nordea,https://www.nordea.com/en/doc/nordea-sustainability-report-2017-printable.pdf
patrizia_2021_report.pdf,patrizia,https://www.patrizia.ag/fileadmin/form_definitions/Our_Responsibility/ESG_Report/PATRIZIA_Sustainability_Report_2021.pdf
penske automotive group_2022_report.pdf,penske automotive group,https://www.responsibilityreports.com/HostedData/ResponsibilityReportArchive/p/NYSE_PAG_2022.pdf
polaris_2021_report.pdf,polaris,https://polarisequity.dk/wp-content/uploads/2022/05/Polaris-Sustainability-Report-2021.pdf
popular inc_2020_report.pdf,popular inc,https://www.responsibilityreports.com/HostedData/ResponsibilityReportArchive/p/NASDAQ_BPOP_2020.pdf
rinnai corp_2020_report.pdf,rinnai corp,https://www.rinnai.co.jp/en/corp/csr/backnumber/pdf/report2020.pdf
rpt realty_2020_report.pdf,rpt realty,https://www.responsibilityreports.com/HostedData/ResponsibilityReportArchive/r/NYSE_RPT_2020.pdf
rpt realty_2021_report.pdf,rpt realty,https://www.responsibilityreports.com/HostedData/ResponsibilityReports/PDF/NYSE_RPT_2021.pdf
salzgitter ag_2018_report.pdf,salzgitter ag,https://www.salzgitter-ag.com/fileadmin/reports/2018/nfr/en/downloads/szag-non-financial-report-2018.pdf
sangetsu corp_2018_report.pdf,sangetsu corp,https://www.sangetsu.co.jp/images/english/ir/library/pdf/sangetsu-report2018-en_a3.pdf
sato oyj_2022_report.pdf,sato oyj,https://assets.ctfassets.net/z7ety0aygnfq/4DobjTm1iej4GSwvBdHK7K/2641bdbb533222fe3425d7df9838dd34/SATOs_Sustainability_report_2022.pdf
snc lavalin inc_2019_report.pdf,snc lavalin inc,https://www.atkinsrealis.com/~/media/Files/A/atkinsrealis/download-centre/en/report/sustainability-report-2019.pdf
stantec inc_2019_report.pdf,stantec inc,https://www.stantec.com/content/dam/stantec/files/PDFAssets/2020/stn-sustainability-report-2019.pdf
steico_2022_report.pdf,steico,https://www.steico.com/fileadmin/user_upload/Investor_Relations/2023_Veroeffentlichungen/2023_Finanzberichte/EN_STEICO_Annual_Report_2022.pdf
subsea sa_2018_report.pdf,subsea sa,https://www.subsea7.com/content/dam/subsea7-corporate2018/Results_Reports_Presentations/Report/2019/annual-report-page-assets/annual-report-2018.pdf.downloadasset.pdf
sumitomo corporation_2021_report.pdf,sumitomo corporation,https://www.sumitomocorp.com/en/jp/sustainability/communication/asset/pdf/esg-2021.pdf
swiss prime site_2020_report.pdf,swiss prime site,https://sps.swiss/fileadmin/user_upload/redakteure/gruppe/pdf/geschaeftsberichte/en/Annual_Report_2020.pdf
tkh group_2018_report.pdf,tkh group,https://www.tkhgroup.com/media/documents/TKH.2018.AnnualReport_SIZBVcm.pdf
tokyu construction_2018_report.pdf,tokyu construction,https://www.tokyu-cnst.co.jp/en/ir/report/pdf/IR2018_EN_web.pdf
toshiba tec corp_2022_report.pdf,toshiba tec corp,https://www.toshibatec.com/company/ir/material/pdf/integrated_report2022.pdf
trex inc_2019_report.pdf,trex inc,https://www.responsibilityreports.com/HostedData/ResponsibilityReportArchive/t/NYSE_TREX_2019.pdf
tricon residential inc_2020_report.pdf,tricon residential inc,https://s34643.pcdn.co/wp-content/uploads/2020-%E2%80%93-Tricon-Residential-2020-ESG-Annual-Report.pdf
trisura group_2022_report.pdf,trisura group,https://www.trisura.com/wp-content/uploads/2023/03/TGL-2022-Annual-Report.pdf
uniper_2019_report.pdf,uniper,https://www.uniper.energy/sites/default/files/2022-03/uniper_sustainability_report_2019_en.pdf
webuild_2019_report.pdf,webuild,https://media.webuildgroup.com/sites/default/files/2023-05/eng-annual-report-2019-dnf-def_1.pdf
whiting petroleum_2020_report.pdf,whiting petroleum,https://www.chordenergy.com/wp-content/uploads/2022/06/Whiting-2020-Sustainability-Report.pdf
xvivo perfusion_2020_report.pdf,xvivo perfusion,https://storage.mfn.se/3eeec93e-d327-45b7-9fe4-aa800a7c18a4/xvivo-perfusion-ab-publ-annual-report-2020.pdf
xvivo perfusion_2021_report.pdf,xvivo perfusion,https://storage.mfn.se/6f621ebc-3799-4048-8439-c88b61fc34b7/xvivo-perfusion-ab-publ-annual-report-2021.pdf
